,Trabajo,Organizacion,Lugar,Posteado hace,Salario
0,Data Scientist,Limetree,"Dallas, TX",1 month ago,Sin valor
1,Data Scientist,Walmart,"Seattle, WA",1 week ago,Sin valor
2,IT Data Scientist,JetBlue,"New York, NY",5 days ago,Sin valor
3,Data Scientist,Lucas Systems,"Wexford, PA",1 month ago,Sin valor
4,Data Scientist Internship - OR (US),Asurion,"Nashville, TN",1 week ago,Sin valor
5,Data Scientist Internship - OR (US),Asurion,"Nashville, TN",1 week ago,Sin valor
6,Data Scientist I,Stride Funding,"Boston, MA",1 month ago,Sin valor
7,Network Data Scientist,Altana Technologies,"Brooklyn, NY",6 days ago,Sin valor
8,Data Science and Machine Learning (Early Career).,Lucid Motors,"Newark, CA",1 month ago,Sin valor
9,Junior Data Scientist (KSL.com),Deseret Digital Media,"Salt Lake City, UT",6 months ago,Sin valor
10,Associate Data Scientist,The Home Depot,"Atlanta, GA",1 week ago,Sin valor
11,Junior Data Scientist,Virginia Tech Applied Research Corporation,"Chantilly, VA",1 month ago,Sin valor
12,Data Science,Tome,"San Francisco, CA",4 weeks ago,Sin valor
13,"Data Scientist, Deep Learning",Fetch Rewards,"Chicago, IL",2 weeks ago,Sin valor
14,(USA) 2023 Summer Intern: Data Scientist,Walmart,"Bentonville, AR",1 week ago,Sin valor
15,"Data Scientist, Proprietary Research",Point72,"New York, NY",2 days ago,Sin valor
16,Data Scientist,Electronic Arts (EA),"California, United States",1 day ago,Sin valor
17,Data Scientist - SQL & Python Experience,Blue Cross Blue Shield of Massachusetts,"Boston, MA",1 week ago,Sin valor
18,Junior Data Scientist,Noblis,"Reston, VA",3 days ago,Sin valor
19,Data Scientist,Blue Cross Blue Shield of Massachusetts,"Boston, MA",1 week ago,Sin valor
20,Data Scientist (Remote),The Home Depot,"Atlanta, GA",1 week ago,Sin valor
21,Data Scientist,BCG GAMMA,"New York, NY",1 month ago,Sin valor
22,"Data Scientist, Deep Learning",Fetch Rewards,"Birmingham, AL",2 weeks ago,Sin valor
23,Data Scientist,Blue Cross Blue Shield of Massachusetts,"Boston, MA",1 week ago,Sin valor
24,Associate Data Scientist,Zurich North America,"Schaumburg, IL",1 week ago,Sin valor
25,Data Scientist,Smith Arnold Partners,New York City Metropolitan Area,1 week ago,Sin valor
26,Data Scientist,hackajob,New York City Metropolitan Area,2 weeks ago,Sin valor
27,Data Scientist,Codeworks IT Careers,"Milwaukee, WI",3 days ago,Sin valor
28,"Data Scientist 1, Product",LegalZoom,United States,2 weeks ago,Sin valor
29,2 Roles! - Fully Remote Data Scientist Contractor - 6-12 Months - Possible Conversion,Lawrence Harvey,"New York, United States",1 week ago,Sin valor
30,"Data Scientist, Machine Learning (Ads Targeting)","Reddit, Inc.",United States,1 day ago,Sin valor
31,Data Scientist/Machine Learning Scientist,"Pyramid Consulting, Inc","Atlanta, GA",2 months ago,Sin valor
32,IT Data Scientist,JetBlue,"New York, NY",5 days ago,Sin valor
33,Data Scientist,"IDR, Inc.","Fort Worth, TX",5 days ago,Sin valor
34,jr. Data Scientist - AI/ML Specialist,"Trillion Technology Solutions, Inc","Washington, DC",1 month ago,Sin valor
35,Data Scientist 1,PayPal,"Omaha, NE",4 days ago,Sin valor
36,Data Scientist,Ipsos North America,"Culver City, CA",3 days ago,Sin valor
37,Data Scientist - 100% REMOTE,Atrilogy Solutions Group,United States,4 days ago,Sin valor
38,Data Scientist - DS 1,AppZen,"San Jose, CA",2 months ago,Sin valor
39,Data Scientist,Mondo,"Cupertino, CA",1 day ago,Sin valor
40,Senior Data Scientist,Orbis,New York City Metropolitan Area,1 week ago,Sin valor
41,Data Scientist::Fully Remote Job Role,Tekintegral,"Houston, TX",5 months ago,Sin valor
42,Algorithms Engineer / Data Scientist,Block Engineering,"Southborough, MA",2 weeks ago,Sin valor
43,Data Scientist,GiveDirectly,"New York, NY",2 weeks ago,Sin valor
44,Data Scientist,Tekintegral,United States,3 months ago,Sin valor
45,Data Scientist,Perennial Resources International,"New York, NY",1 day ago,Sin valor
46,Data Scientist,ClifyX,"Sunnyvale, CA",3 weeks ago,Sin valor
47,Lead Data Scientist,"firstPro, Inc","Waltham, MA",4 days ago,Sin valor
48,Data Scientist,Advanced Knowledge Tech LLC,United States,3 months ago,Sin valor
49,Data Scientist,FIRST SOFT SOLUTIONS,"Hartford, CT",3 days ago,Sin valor
